unit,Baskets_combined_simplified,Latest basket (2021),n (world),grouping,group,2008,2009,2010,2011,2012,2013,2014,2015,2016,2017,2018,2019,2020,2021
GNIpc,Fixed broadband basket,Fixed broadband basket (5GB),133,ITU BDT Regions,Africa,133.46,73.37,51.58,47.075,40.19,33.72706669,25.89308866,23.49936741,19.775,20.84285484,19.90795891,19.90795891,18.42847115,17.68373811
GNIpc,Fixed broadband basket,Fixed broadband basket (5GB),133,ITU BDT Regions,Arab States,3.9,3.465,3.315,2.73,2.075,2.041677995,1.973525314,1.996842276,2.26,1.937898625,3.061518064,3.061518064,3.021085097,3.274224324
GNIpc,Fixed broadband basket,Fixed broadband basket (5GB),133,ITU BDT Regions,Asia & Pacific,7.395,6.07,5.87,5.625,4.905,4.06136619,3.258475728,4.010363099,3.87,3.003165109,2.838554436,2.953756194,2.961143025,3.082479616
GNIpc,Fixed broadband basket,Fixed broadband basket (5GB),133,ITU BDT Regions,CIS countries,7.905,6.695,3.21,2.415,1.885,1.820560906,1.726231555,1.35669307,0.945,1.366045571,1.364819278,1.364819278,1.224277634,1.263574078
GNIpc,Fixed broadband basket,Fixed broadband basket (5GB),133,ITU BDT Regions,Europe countries,1.55,1.28,1.21,1.16,1.11,1.233865207,1.167993558,0.977673324,1.11,1.221194137,1.277933467,1.348246326,1.257452646,1.281569336
GNIpc,Fixed broadband basket,Fixed broadband basket (5GB),133,ITU BDT Regions,The Americas,9.03,6.535,6.59,5.26,5.255,4.830786439,4.289851165,4.141089848,3.71,4.532640127,4.340397843,4.696203461,4.73402023,5.132914294
GNIpc,Fixed broadband basket,Fixed broadband basket (5GB),133,World,World,5.18,5.16,3.78,3.27,3.11,3.013162271,2.901561207,2.329992149,2.57,2.505071387,2.834338009,2.842770863,2.766115492,2.983999672
GNIpc,Fixed broadband basket,Fixed broadband basket (5GB),133,LDC,LDC,151.41,117.35,72.97,50.68,53.9,41.23186514,23.83354026,20.68629113,19.52,24.241735,20.0599863,20.0599863,18.7501022,18.52410149
GNIpc,Fixed broadband basket,Fixed broadband basket (5GB),133,LLDC,LLDC,50.23,46.73,50.43,45.75,13.3,11.46695242,8.230548524,7.807313409,9.56,9.114902754,6.501588575,6.501588575,6.226742718,7.394748427
GNIpc,Fixed broadband basket,Fixed broadband basket (5GB),133,SIDS,SIDS,10.22,6.63,6.48,5.68,6.28,5.158360787,4.489721334,4.297794634,4.08,4.528309007,4.498977505,5.453306067,5.16656114,5.084638037
GNIpc,Fixed broadband basket,Fixed broadband basket (5GB),133,WB Income levels 2021,Low income,448.78,258.65,318.185,107.1,95.5,98.29914517,91.52845434,71.56242988,62.885,78.57435687,41.21173849,41.21173849,35.84941418,39.19285559
GNIpc,Fixed broadband basket,Fixed broadband basket (5GB),133,WB Income levels 2021,Lower middle income,46.6,42.54,28.1,16.26,13.57,11.86514355,10.65603556,10.16662632,9.98,8.690807799,8.849078601,8.849078601,9.466917563,11.5639587
GNIpc,Fixed broadband basket,Fixed broadband basket (5GB),133,WB Income levels 2021,Upper middle income,7.11,5.85,4.71,4.315,3.805,3.408998858,3.17984013,2.806274512,3.135,3.064101596,3.156735897,3.323103691,3.07213258,3.511178155
GNIpc,Fixed broadband basket,Fixed broadband basket (5GB),133,WB Income levels 2021,High income,1.155,1.04,0.995,0.98,0.995,0.99163478,1.090998216,0.958189646,0.995,1.145030085,1.153282131,1.127306176,1.082166398,1.187338655
GNIpc,Fixed broadband basket,Fixed broadband basket (5GB),133,WB Income levels 2021,low and middle income,13.41,11.57,8.78,7.26,6.67,5.248210569,5.276970631,5.112225957,4.97,4.932675477,4.777247437,4.975681529,4.976424955,5.714222313
GNIpc,Data-only mobile broadband,Data-only mobile broadband 2GB,137,ITU BDT Regions,Africa,NA,NA,NA,NA,NA,18.6,14.285,11.615,9.059279593,7.989160038,5.139765152,5.139765152,4.431500727,5.121122314
GNIpc,Data-only mobile broadband,Data-only mobile broadband 2GB,137,ITU BDT Regions,Arab States,NA,NA,NA,NA,NA,1.35,1.6,1.28,1.137219782,1.25498008,1.034806875,1.295332127,1.024925422,1.155745275
GNIpc,Data-only mobile broadband,Data-only mobile broadband 2GB,137,ITU BDT Regions,Asia & Pacific,NA,NA,NA,NA,NA,2.875,2.45,1.885,2.047026544,1.765481063,1.36557965,1.063680261,1.254459245,1.176536207
GNIpc,Data-only mobile broadband,Data-only mobile broadband 2GB,137,ITU BDT Regions,CIS countries,NA,NA,NA,NA,NA,1.46,1.41,1.08,0.678657551,0.929159981,1.394321842,1.394321842,0.956597701,1.051604061
GNIpc,Data-only mobile broadband,Data-only mobile broadband 2GB,137,ITU BDT Regions,Europe countries,NA,NA,NA,NA,NA,0.75,0.73,0.59,0.596167114,0.638407738,0.719428958,0.808164722,0.557846287,0.51157442
GNIpc,Data-only mobile broadband,Data-only mobile broadband 2GB,137,ITU BDT Regions,The Americas,NA,NA,NA,NA,NA,3.43,2.49,2.61,2.295545367,2.646196256,2.412612588,2.386328239,2.333113603,2.429804203
GNIpc,Data-only mobile broadband,Data-only mobile broadband 2GB,137,World,World,NA,NA,NA,NA,NA,2.17,1.81,1.36,1.502868243,1.395158527,1.436883219,1.368050191,1.230841736,1.25201856
GNIpc,Data-only mobile broadband,Data-only mobile broadband 2GB,137,LDC,LDC,NA,NA,NA,NA,NA,31.945,21.405,16.68,14.55274651,12.00571814,7.838053017,7.514396686,6.198085547,6.462396998
GNIpc,Data-only mobile broadband,Data-only mobile broadband 2GB,137,LLDC,LLDC,NA,NA,NA,NA,NA,9.95,9.16,4.88,4.241913745,3.570729299,3.160385215,2.869077241,2.551152244,2.667060918
GNIpc,Data-only mobile broadband,Data-only mobile broadband 2GB,137,SIDS,SIDS,NA,NA,NA,NA,NA,4.14,3.45,2.99,2.918674302,2.768581038,2.728339394,3.069381819,2.71693902,3.13035546
GNIpc,Data-only mobile broadband,Data-only mobile broadband 2GB,137,WB Income levels 2021,Low income,NA,NA,NA,NA,NA,40.54,25.48,19.34,17.54335694,13.51816892,10.52184026,10.52184026,9.523973472,10.46031017
GNIpc,Data-only mobile broadband,Data-only mobile broadband 2GB,137,WB Income levels 2021,Lower middle income,NA,NA,NA,NA,NA,9.92,7.41,5.32,4.437319109,4.332940708,3.661799431,3.410548667,2.798534996,2.781888609
GNIpc,Data-only mobile broadband,Data-only mobile broadband 2GB,137,WB Income levels 2021,Upper middle income,NA,NA,NA,NA,NA,2.86,2.28,1.64,1.797064794,1.719486215,1.60150014,1.670146138,1.30162465,1.693096148
GNIpc,Data-only mobile broadband,Data-only mobile broadband 2GB,137,WB Income levels 2021,High income,NA,NA,NA,NA,NA,0.74,0.69,0.59,0.596167114,0.672181225,0.587937317,0.699806047,0.519017299,0.506767022
GNIpc,Data-only mobile broadband,Data-only mobile broadband 2GB,137,WB Income levels 2021,low and middle income,NA,NA,NA,NA,NA,4.335,3.765,3.01,2.938171006,2.771362087,2.65909487,2.488440985,2.122210278,2.326946991
GNIpc,Mobile-cellular basket – low usage,Mobile-cellular basket – low usage (70min+20sms),133,ITU BDT Regions,Africa,23.01,17.655,14.435,14.465,11,11.30298082,10.2,8.1,6.45,8.062101169,5.831964148,5.831964148,4.474046045,3.517774613
GNIpc,Mobile-cellular basket – low usage,Mobile-cellular basket – low usage (70min+20sms),133,ITU BDT Regions,Arab States,3.58,3.23,3.05,2.9,2.47,1.760268639,1.2,1.1,0.9,0.932452959,0.646239554,0.661095636,0.609265901,0.852667779
GNIpc,Mobile-cellular basket – low usage,Mobile-cellular basket – low usage (70min+20sms),133,ITU BDT Regions,Asia & Pacific,3.525,2.315,2.565,2.085,1.815,1.2964499,1.55,1.2,1.25,1.234403135,0.775018784,0.943287276,0.917162517,1.031262583
GNIpc,Mobile-cellular basket – low usage,Mobile-cellular basket – low usage (70min+20sms),133,ITU BDT Regions,CIS countries,2.095,1.65,1.615,1.82,1.47,1.476128944,1.4,1,0.8,0.917608434,0.787406304,0.819605066,0.830928684,0.870650457
GNIpc,Mobile-cellular basket – low usage,Mobile-cellular basket – low usage (70min+20sms),133,ITU BDT Regions,Europe countries,1.79,1.56,1.23,1.23,1.2,1.194178364,1,0.7,0.7,0.834306225,0.588298372,0.668392182,0.592924228,0.509592237
GNIpc,Mobile-cellular basket – low usage,Mobile-cellular basket – low usage (70min+20sms),133,ITU BDT Regions,The Americas,3.84,3.78,3.35,3.31,2.82,2.994071866,2.9,2.1,2.3,2.613469071,2.095275591,2.095275591,1.962128845,2.786289118
GNIpc,Mobile-cellular basket – low usage,Mobile-cellular basket – low usage (70min+20sms),133,World,World,3.58,3,2.88,2.75,2.35,1.904521868,1.8,1.4,1.4,1.388362762,1.047440897,1.085879079,1.081232549,1.06240282
GNIpc,Mobile-cellular basket – low usage,Mobile-cellular basket – low usage (70min+20sms),133,LDC,LDC,22.91,18.21,15.78,16.3,11.83,12.4538002,10.4,8.4,7.1,8.316964736,6.039910536,6.039910536,4.954054054,4.079523165
GNIpc,Mobile-cellular basket – low usage,Mobile-cellular basket – low usage (70min+20sms),133,LLDC,LLDC,10.55,8.345,7.7,6.84,6.415,5.091985754,4.2,4.25,3.95,3.934314801,2.923220544,2.845821054,2.24194944,2.63983439
GNIpc,Mobile-cellular basket – low usage,Mobile-cellular basket – low usage (70min+20sms),133,SIDS,SIDS,3.75,3.35,3.15,3.22,2.71,2.994071866,2.9,3.7,3,2.956361543,2.912849424,2.912849424,2.52202221,3.397161973
GNIpc,Mobile-cellular basket – low usage,Mobile-cellular basket – low usage (70min+20sms),133,WB Income levels 2021,Low income,53.185,40.955,37.76,24.56,22.855,22.46210096,21.65,16.45,14.05,13.13726321,12.25679027,12.67899799,7.853820727,7.4836159
GNIpc,Mobile-cellular basket – low usage,Mobile-cellular basket – low usage (70min+20sms),133,WB Income levels 2021,Lower middle income,10.35,8.345,7.7,6.545,5.205,4.690199109,4.3,4.1,4.1,4.820673914,3.601381817,3.587689011,3.282926277,2.758073368
GNIpc,Mobile-cellular basket – low usage,Mobile-cellular basket – low usage (70min+20sms),133,WB Income levels 2021,Upper middle income,3.885,3.815,3.25,3.265,2.755,2.621292854,2.15,1.8,1.65,1.829573556,1.530769822,1.674110106,1.413894625,1.144351667
GNIpc,Mobile-cellular basket – low usage,Mobile-cellular basket – low usage (70min+20sms),133,WB Income levels 2021,High income,1.01,1.01,1.02,1,0.94,0.69495474,0.7,0.6,0.5,0.592885375,0.561448232,0.588298372,0.549323985,0.439255782
GNIpc,Mobile-cellular basket – low usage,Mobile-cellular basket – low usage (70min+20sms),133,WB Income levels 2021,low and middle income,5.765,5.04,4.605,4.095,3.73,3.281755976,3,2.8,2.6,2.681305856,2.452947546,2.4643631,1.959630218,1.974905785
GNIpc,Mobile data and voice low-consumption basket,Mobile data and voice low-consumption basket (70min+20sms+500MB),177,ITU BDT Regions,Africa,NA,NA,NA,NA,NA,NA,NA,NA,NA,NA,10.46821433,9.629974606,8.854634095,7.056142195
GNIpc,Mobile data and voice low-consumption basket,Mobile data and voice low-consumption basket (70min+20sms+500MB),177,ITU BDT Regions,Arab States,NA,NA,NA,NA,NA,NA,NA,NA,NA,NA,2.123310719,1.448123236,1.096210074,1.207811836
GNIpc,Mobile data and voice low-consumption basket,Mobile data and voice low-consumption basket (70min+20sms+500MB),177,ITU BDT Regions,Asia & Pacific,NA,NA,NA,NA,NA,NA,NA,NA,NA,NA,2.015850123,2.015850123,1.741903241,1.928951651
GNIpc,Mobile data and voice low-consumption basket,Mobile data and voice low-consumption basket (70min+20sms+500MB),177,ITU BDT Regions,CIS countries,NA,NA,NA,NA,NA,NA,NA,NA,NA,NA,1.394321842,1.115457474,0.956597701,1.137558153
GNIpc,Mobile data and voice low-consumption basket,Mobile data and voice low-consumption basket (70min+20sms+500MB),177,ITU BDT Regions,Europe countries,NA,NA,NA,NA,NA,NA,NA,NA,NA,NA,0.732390506,0.835581021,0.817616759,0.556910973
GNIpc,Mobile data and voice low-consumption basket,Mobile data and voice low-consumption basket (70min+20sms+500MB),177,ITU BDT Regions,The Americas,NA,NA,NA,NA,NA,NA,NA,NA,NA,NA,2.769798708,2.842999262,2.866281987,3.314304523
GNIpc,Mobile data and voice low-consumption basket,Mobile data and voice low-consumption basket (70min+20sms+500MB),177,World,World,NA,NA,NA,NA,NA,NA,NA,NA,NA,NA,2.356052754,2.058984631,1.887257758,2.016492641
GNIpc,Mobile data and voice low-consumption basket,Mobile data and voice low-consumption basket (70min+20sms+500MB),177,LDC,LDC,NA,NA,NA,NA,NA,NA,NA,NA,NA,NA,12.98279408,11.46412073,9.686287166,9.626604078
GNIpc,Mobile data and voice low-consumption basket,Mobile data and voice low-consumption basket (70min+20sms+500MB),177,LLDC,LLDC,NA,NA,NA,NA,NA,NA,NA,NA,NA,NA,6.031380247,5.568289866,4.263849628,3.346792649
GNIpc,Mobile data and voice low-consumption basket,Mobile data and voice low-consumption basket (70min+20sms+500MB),177,SIDS,SIDS,NA,NA,NA,NA,NA,NA,NA,NA,NA,NA,4.624107526,4.317200636,3.833251876,4.955811524
GNIpc,Mobile data and voice low-consumption basket,Mobile data and voice low-consumption basket (70min+20sms+500MB),177,WB Income levels 2021,Low income,NA,NA,NA,NA,NA,NA,NA,NA,NA,NA,23.76008827,21.77185783,20.03174033,12.72079473
GNIpc,Mobile data and voice low-consumption basket,Mobile data and voice low-consumption basket (70min+20sms+500MB),177,WB Income levels 2021,Lower middle income,NA,NA,NA,NA,NA,NA,NA,NA,NA,NA,5.936454369,5.515651478,4.460043034,4.0868415
GNIpc,Mobile data and voice low-consumption basket,Mobile data and voice low-consumption basket (70min+20sms+500MB),177,WB Income levels 2021,Upper middle income,NA,NA,NA,NA,NA,NA,NA,NA,NA,NA,2.395911819,2.21076559,1.863879424,2.026826877
GNIpc,Mobile data and voice low-consumption basket,Mobile data and voice low-consumption basket (70min+20sms+500MB),177,WB Income levels 2021,High income,NA,NA,NA,NA,NA,NA,NA,NA,NA,NA,0.724301405,0.769553428,0.775798057,0.581694513
GNIpc,Mobile data and voice low-consumption basket,Mobile data and voice low-consumption basket (70min+20sms+500MB),177,WB Income levels 2021,low and middle income,NA,NA,NA,NA,NA,NA,NA,NA,NA,NA,4.613799495,4.317200636,3.704127212,3.328763507
GNIpc,Mobile data and voice high-consumption basket,Mobile data and voice high-consumption basket (140min+70sms+2GB),180,ITU BDT Regions,Africa,NA,NA,NA,NA,NA,NA,NA,NA,NA,NA,19.90313861,19.90313861,14.41892272,11.09829797
GNIpc,Mobile data and voice high-consumption basket,Mobile data and voice high-consumption basket (140min+70sms+2GB),180,ITU BDT Regions,Arab States,NA,NA,NA,NA,NA,NA,NA,NA,NA,NA,2.53501064,2.482496976,2.183833518,2.344836392
GNIpc,Mobile data and voice high-consumption basket,Mobile data and voice high-consumption basket (140min+70sms+2GB),180,ITU BDT Regions,Asia & Pacific,NA,NA,NA,NA,NA,NA,NA,NA,NA,NA,3.348353543,2.874694382,2.59012343,2.97460384
GNIpc,Mobile data and voice high-consumption basket,Mobile data and voice high-consumption basket (140min+70sms+2GB),180,ITU BDT Regions,CIS countries,NA,NA,NA,NA,NA,NA,NA,NA,NA,NA,2.265772994,1.810401356,0.956597701,1.91430975
GNIpc,Mobile data and voice high-consumption basket,Mobile data and voice high-consumption basket (140min+70sms+2GB),180,ITU BDT Regions,Europe countries,NA,NA,NA,NA,NA,NA,NA,NA,NA,NA,1.006609804,0.933787258,0.943403952,0.705371501
GNIpc,Mobile data and voice high-consumption basket,Mobile data and voice high-consumption basket (140min+70sms+2GB),180,ITU BDT Regions,The Americas,NA,NA,NA,NA,NA,NA,NA,NA,NA,NA,3.698566805,3.222520617,3.136184211,3.914764271
GNIpc,Mobile data and voice high-consumption basket,Mobile data and voice high-consumption basket (140min+70sms+2GB),180,World,World,NA,NA,NA,NA,NA,NA,NA,NA,NA,NA,3.155947598,2.874694382,2.574235714,2.857175994
GNIpc,Mobile data and voice high-consumption basket,Mobile data and voice high-consumption basket (140min+70sms+2GB),180,LDC,LDC,NA,NA,NA,NA,NA,NA,NA,NA,NA,NA,21.80772587,21.89959834,17.29907854,15.56534724
GNIpc,Mobile data and voice high-consumption basket,Mobile data and voice high-consumption basket (140min+70sms+2GB),180,LLDC,LLDC,NA,NA,NA,NA,NA,NA,NA,NA,NA,NA,11.31871208,11.31871208,8.298317835,6.473223534
GNIpc,Mobile data and voice high-consumption basket,Mobile data and voice high-consumption basket (140min+70sms+2GB),180,SIDS,SIDS,NA,NA,NA,NA,NA,NA,NA,NA,NA,NA,5.348745378,4.701269934,4.429033102,4.953241741
GNIpc,Mobile data and voice high-consumption basket,Mobile data and voice high-consumption basket (140min+70sms+2GB),180,WB Income levels 2021,Low income,NA,NA,NA,NA,NA,NA,NA,NA,NA,NA,50.58020342,54.3779807,28.65583029,23.44567896
GNIpc,Mobile data and voice high-consumption basket,Mobile data and voice high-consumption basket (140min+70sms+2GB),180,WB Income levels 2021,Lower middle income,NA,NA,NA,NA,NA,NA,NA,NA,NA,NA,10.16311649,8.543156613,6.989683677,6.126587142
GNIpc,Mobile data and voice high-consumption basket,Mobile data and voice high-consumption basket (140min+70sms+2GB),180,WB Income levels 2021,Upper middle income,NA,NA,NA,NA,NA,NA,NA,NA,NA,NA,3.210433069,3.222520617,2.626065461,2.960680315
GNIpc,Mobile data and voice high-consumption basket,Mobile data and voice high-consumption basket (140min+70sms+2GB),180,WB Income levels 2021,High income,NA,NA,NA,NA,NA,NA,NA,NA,NA,NA,1.006609804,1.006609804,0.950665824,0.751762307
GNIpc,Mobile data and voice high-consumption basket,Mobile data and voice high-consumption basket (140min+70sms+2GB),180,WB Income levels 2021,low and middle income,NA,NA,NA,NA,NA,NA,NA,NA,NA,NA,6.675220839,6.201044161,5.175,5.292109318
PPP,Fixed broadband basket,Fixed broadband basket (5GB),126,ITU BDT Regions,Africa,190.55,136.05,111.51,103,89.335,75.845,74.135,69.785,62.965,59.81817383,57.470002,57.470002,57.32756719,62.9661056
PPP,Fixed broadband basket,Fixed broadband basket (5GB),126,ITU BDT Regions,Arab States,54.23,53.2,53.6,49.99,46.12,45.35,44.54,34.99,28.1,41.64981778,43.8987295,45.96387383,61.94713382,78.51061403
PPP,Fixed broadband basket,Fixed broadband basket (5GB),126,ITU BDT Regions,Asia & Pacific,46.74,41.66,33.08,35.24,39.23,31.92,28.3,28.3,26.33,26.36890935,33.0190863,34.23236357,41.25514536,41.05634122
PPP,Fixed broadband basket,Fixed broadband basket (5GB),126,ITU BDT Regions,CIS countries,48.675,48.81,43.015,30.135,21.15,17.665,19.74,22.215,18.24,16.7216602,21.38653698,20.450805,25.22259637,25.08282434
PPP,Fixed broadband basket,Fixed broadband basket (5GB),126,ITU BDT Regions,Europe countries,27.17,26.48,26.87,26.15,25.88,25.28,25.88,25.74,27.91,31.26859572,33.29129419,34.6368955,34.93814405,34.4067323
PPP,Fixed broadband basket,Fixed broadband basket (5GB),126,ITU BDT Regions,The Americas,58.78,38.77,40.9,36.31,36.61,36.31,36.34,37.8,39.74,42.89072905,42.7654167,43.54,48.21416129,51.51728968
PPP,Fixed broadband basket,Fixed broadband basket (5GB),126,World,World,45.92,37.105,35.255,33.66,31.69,31.34,32.315,30.77,31.98,34.22447652,39.11597441,40.47024845,43.5272914,43.47564381
PPP,Fixed broadband basket,Fixed broadband basket (5GB),126,LDC,LDC,205.58,180.22,113.58,99.63,73.61,60.18,49.41,54.22,47,51.8954334,49.81278368,53.37083966,52.03226915,54.01138601
PPP,Fixed broadband basket,Fixed broadband basket (5GB),126,LLDC,LLDC,100.47,100.41,93.61,69.675,59.12,56.58,34.955,40.425,39.365,44.80690434,46.83128899,46.83128899,49.80562431,46.23851597
PPP,Fixed broadband basket,Fixed broadband basket (5GB),126,SIDS,SIDS,63.08,44.49,41.57,37.93,42.22,38.38,36.25,33.18,26.49,42.28421967,42.48364671,42.48364671,46.63121187,48.94622129
PPP,Fixed broadband basket,Fixed broadband basket (5GB),126,WB Income levels 2021,Low income,358.91,263.025,319.345,114.44,100.15,101.67,102.975,98.31,81.575,101.3284601,58.76679189,58.76679189,59.09527966,77.33676614
PPP,Fixed broadband basket,Fixed broadband basket (5GB),126,WB Income levels 2021,Lower middle income,87.52,86.33,73.3,61.59,51.89,48.92,35.96,44.54,41.05,44.36274567,42.60491161,42.60491161,52.61428113,54.45925024
PPP,Fixed broadband basket,Fixed broadband basket (5GB),126,WB Income levels 2021,Upper middle income,46.57,36.83,34.21,33.51,30.69,30.92,30.89,29.36,32.13,29.20186022,34.3111149,39.41628511,39.47653743,40.51852656
PPP,Fixed broadband basket,Fixed broadband basket (5GB),126,WB Income levels 2021,High income,27.34,27.15,28.875,29.04,28.745,27.82,29.33,29.29,29.945,33.41226277,35.86518068,35.96927174,41.55536531,41.61088173
PPP,Fixed broadband basket,Fixed broadband basket (5GB),126,WB Income levels 2021,low and middle income,66.325,53.78,47.435,42.105,40.49,38.89,35.945,32.88,35.59,35.4413949,42.45902345,42.54427916,48.11105699,46.54391746
PPP,Data-only mobile broadband,Data-only mobile broadband 2GB,127,ITU BDT Regions,Africa,NA,NA,NA,NA,NA,44.01,33.24,33.65,29.29364264,21.38450918,19.07028556,19.07028557,17.68800135,17.40687127
PPP,Data-only mobile broadband,Data-only mobile broadband 2GB,127,ITU BDT Regions,Arab States,NA,NA,NA,NA,NA,29.35,24.99,23.98,25.00806772,31.87912481,25.60604056,25.41618353,24.39775463,26.17020468
PPP,Data-only mobile broadband,Data-only mobile broadband 2GB,127,ITU BDT Regions,Asia & Pacific,NA,NA,NA,NA,NA,30.71,24.66,18.175,17.07848035,18.06711763,16.1341266,14.81492977,13.32273223,14.50924627
PPP,Data-only mobile broadband,Data-only mobile broadband 2GB,127,ITU BDT Regions,CIS countries,NA,NA,NA,NA,NA,19.555,19.44,14.22,14.71728974,14.27954994,12.63948884,11.19961812,10.63721979,14.56010817
PPP,Data-only mobile broadband,Data-only mobile broadband 2GB,127,ITU BDT Regions,Europe countries,NA,NA,NA,NA,NA,14.97,13.98,13.655,13.43093916,15.76217495,16.51226068,18.48976714,18.14982336,14.9533413
PPP,Data-only mobile broadband,Data-only mobile broadband 2GB,127,ITU BDT Regions,The Americas,NA,NA,NA,NA,NA,33.59,30.57,26.97,26.53347427,25.93564246,25.29733699,25.19387248,21.79544278,23.55060732
PPP,Data-only mobile broadband,Data-only mobile broadband 2GB,127,World,World,NA,NA,NA,NA,NA,26.43,22.61,19.2,18.25577953,18.49893871,18.14431204,18.52558569,18.05073119,17.22462353
PPP,Data-only mobile broadband,Data-only mobile broadband 2GB,127,LDC,LDC,NA,NA,NA,NA,NA,44.46,33.24,27.16,21.30079952,21.38450918,16.05955681,16.05955681,15.8996326,17.40687127
PPP,Data-only mobile broadband,Data-only mobile broadband 2GB,127,LLDC,LLDC,NA,NA,NA,NA,NA,26.61,26.09,17.94,17.50789196,17.78222544,16.05955681,16.05955681,13.88973665,16.78085085
PPP,Data-only mobile broadband,Data-only mobile broadband 2GB,127,SIDS,SIDS,NA,NA,NA,NA,NA,34.96,33.02,29.29,29.29364264,26.90705035,21.24182336,21.17341255,23.36715112,25.88743104
PPP,Data-only mobile broadband,Data-only mobile broadband 2GB,127,WB Income levels 2021,Low income,NA,NA,NA,NA,NA,43.85,33.445,24.95,20.83523548,20.20329177,21.24250836,21.24250836,19.23242002,19.51959301
PPP,Data-only mobile broadband,Data-only mobile broadband 2GB,127,WB Income levels 2021,Lower middle income,NA,NA,NA,NA,NA,32.585,25.52,21.555,17.22308516,16.30488584,13.71079365,12.26885766,12.01567308,12.6445939
PPP,Data-only mobile broadband,Data-only mobile broadband 2GB,127,WB Income levels 2021,Upper middle income,NA,NA,NA,NA,NA,26.67,24.195,19.245,17.43214541,17.73210073,18.71158101,20.10025312,19.45514765,19.15691811
PPP,Data-only mobile broadband,Data-only mobile broadband 2GB,127,WB Income levels 2021,High income,NA,NA,NA,NA,NA,20.58,18.23,17.32,17.18485618,19.07268319,19.30515616,19.82996066,21.37892058,16.50406394
PPP,Data-only mobile broadband,Data-only mobile broadband 2GB,127,WB Income levels 2021,low and middle income,NA,NA,NA,NA,NA,29.655,25.915,20.595,18.59120071,18.10988463,16.9240619,17.29939804,16.89162163,17.55247055
PPP,Mobile-cellular basket – low usage,Mobile-cellular basket – low usage (70min+20sms),124,ITU BDT Regions,Africa,42.36,39.39,33,26.02,23.55,22.23,20.8,20.8,19.7,20.45080922,16.22948701,16.22948701,15.79420377,13.88384861
PPP,Mobile-cellular basket – low usage,Mobile-cellular basket – low usage (70min+20sms),124,ITU BDT Regions,Arab States,24.46,26.48,25.02,25.75,25.8,20.54,18.7,18.7,17.8,17.35827051,9.493818089,11.27573471,8.652932979,16.68054478
PPP,Mobile-cellular basket – low usage,Mobile-cellular basket – low usage (70min+20sms),124,ITU BDT Regions,Asia & Pacific,20.18,11.83,17.7,17.39,12.85,12.13,10.9,11.8,10.8,14.59301199,14.3274597,14.3274597,11.85070207,14.03651791
PPP,Mobile-cellular basket – low usage,Mobile-cellular basket – low usage (70min+20sms),124,ITU BDT Regions,CIS countries,24.555,22.305,17.68,17.26,16.995,15.73,16.4,15.4,9.05,8.950011741,6.436428993,6.683729588,8.943772653,9.080317801
PPP,Mobile-cellular basket – low usage,Mobile-cellular basket – low usage (70min+20sms),124,ITU BDT Regions,Europe countries,29.44,30.96,27.04,28.34,25.54,22.28,21.8,19.5,19.8,20.05168821,16.27562411,16.47354602,17.69813242,12.13447258
PPP,Mobile-cellular basket – low usage,Mobile-cellular basket – low usage (70min+20sms),124,ITU BDT Regions,The Americas,28.805,27.77,26.18,25.52,26.895,25.81,26.15,25.5,26.15,26.5529929,21.26341663,21.68108041,22.83252157,21.08297717
PPP,Mobile-cellular basket – low usage,Mobile-cellular basket – low usage (70min+20sms),124,World,World,27.48,27.495,24.865,25.285,22.88,22.06,21.25,19.6,19.1,19.78894618,16.26627239,16.5773634,16.94042578,13.62879475
PPP,Mobile-cellular basket – low usage,Mobile-cellular basket – low usage (70min+20sms),124,LDC,LDC,38.65,36.66,33,25.73,23.55,22.16,22.9,20.8,19.7,19.9725362,15.53869577,15.53869577,16.83828749,11.68169325
PPP,Mobile-cellular basket – low usage,Mobile-cellular basket – low usage (70min+20sms),124,LLDC,LLDC,30.45,29.18,28.94,23.98,21.47,22.19,21.5,17.7,17.2,18.03994283,16.27562411,17.08840109,17.69813242,13.45491823
PPP,Mobile-cellular basket – low usage,Mobile-cellular basket – low usage (70min+20sms),124,SIDS,SIDS,24.46,24.41,22.27,22.87,21.15,22.23,20.8,22.6,22.9,26.08173068,21.01533817,21.16985455,21.69652095,26.96590986
PPP,Mobile-cellular basket – low usage,Mobile-cellular basket – low usage (70min+20sms),124,WB Income levels 2021,Low income,46.9,42.405,41.54,29.475,28.725,29.175,29.5,29.5,25.7,21.6068782,17.18567086,21.34420106,15.16216455,13.2224543
PPP,Mobile-cellular basket – low usage,Mobile-cellular basket – low usage (70min+20sms),124,WB Income levels 2021,Lower middle income,29.945,27.625,25.57,24.4,20.935,20.615,19.1,19.4,19.05,20.70959102,15.88409139,15.88409139,16.0550843,14.33554179
PPP,Mobile-cellular basket – low usage,Mobile-cellular basket – low usage (70min+20sms),124,WB Income levels 2021,Upper middle income,26.7,26.01,23.66,23.12,24.69,22.24,21.5,19,19.6,19.90252783,15.89366335,16.39362582,16.66543631,13.13515446
PPP,Mobile-cellular basket – low usage,Mobile-cellular basket – low usage (70min+20sms),124,WB Income levels 2021,High income,24.46,27.2,24.91,26.2,22.86,21.41,20.1,19.5,17.8,18.45865209,16.72281303,17.58195138,18.85347364,13.67598464
PPP,Mobile-cellular basket – low usage,Mobile-cellular basket – low usage (70min+20sms),124,WB Income levels 2021,low and middle income,28.08,27.57,24.82,24.05,23.55,22.19,21.5,20.5,19.7,20.05168821,15.89366335,16.25692068,16.29277871,13.45491823
PPP,Mobile data and voice low-consumption basket,Mobile data and voice low-consumption basket (70min+20sms+500MB),161,ITU BDT Regions,Africa,NA,NA,NA,NA,NA,NA,NA,NA,NA,NA,29.78321687,24.64236768,23.62184147,20.39997868
PPP,Mobile data and voice low-consumption basket,Mobile data and voice low-consumption basket (70min+20sms+500MB),161,ITU BDT Regions,Arab States,NA,NA,NA,NA,NA,NA,NA,NA,NA,NA,26.81638463,24.73664132,22.01780456,24.06017511
PPP,Mobile data and voice low-consumption basket,Mobile data and voice low-consumption basket (70min+20sms+500MB),161,ITU BDT Regions,Asia & Pacific,NA,NA,NA,NA,NA,NA,NA,NA,NA,NA,20.20413484,18.15711291,18.83684546,18.33076889
PPP,Mobile data and voice low-consumption basket,Mobile data and voice low-consumption basket (70min+20sms+500MB),161,ITU BDT Regions,CIS countries,NA,NA,NA,NA,NA,NA,NA,NA,NA,NA,14.56133473,13.72775142,12.20521499,12.09153921
PPP,Mobile data and voice low-consumption basket,Mobile data and voice low-consumption basket (70min+20sms+500MB),161,ITU BDT Regions,Europe countries,NA,NA,NA,NA,NA,NA,NA,NA,NA,NA,20.1301714,21.2137662,21.36282276,15.4094601
PPP,Mobile data and voice low-consumption basket,Mobile data and voice low-consumption basket (70min+20sms+500MB),161,ITU BDT Regions,The Americas,NA,NA,NA,NA,NA,NA,NA,NA,NA,NA,31.30156772,31.00801395,32.66,32.95289521
PPP,Mobile data and voice low-consumption basket,Mobile data and voice low-consumption basket (70min+20sms+500MB),161,World,World,NA,NA,NA,NA,NA,NA,NA,NA,NA,NA,23.34317179,22.23102013,22.59902763,20.22210647
PPP,Mobile data and voice low-consumption basket,Mobile data and voice low-consumption basket (70min+20sms+500MB),161,LDC,LDC,NA,NA,NA,NA,NA,NA,NA,NA,NA,NA,27.25793552,19.62707947,21.42983507,19.19332559
PPP,Mobile data and voice low-consumption basket,Mobile data and voice low-consumption basket (70min+20sms+500MB),161,LLDC,LLDC,NA,NA,NA,NA,NA,NA,NA,NA,NA,NA,24.85988171,24.85988171,23.62184147,22.11777892
PPP,Mobile data and voice low-consumption basket,Mobile data and voice low-consumption basket (70min+20sms+500MB),161,SIDS,SIDS,NA,NA,NA,NA,NA,NA,NA,NA,NA,NA,32.2343511,31.00801395,30.16371277,36.36818591
PPP,Mobile data and voice low-consumption basket,Mobile data and voice low-consumption basket (70min+20sms+500MB),161,WB Income levels 2021,Low income,NA,NA,NA,NA,NA,NA,NA,NA,NA,NA,29.33755413,26.10074218,25.18253012,21.63487608
PPP,Mobile data and voice low-consumption basket,Mobile data and voice low-consumption basket (70min+20sms+500MB),161,WB Income levels 2021,Lower middle income,NA,NA,NA,NA,NA,NA,NA,NA,NA,NA,21.53633306,19.39344202,17.48959586,18.13947271
PPP,Mobile data and voice low-consumption basket,Mobile data and voice low-consumption basket (70min+20sms+500MB),161,WB Income levels 2021,Upper middle income,NA,NA,NA,NA,NA,NA,NA,NA,NA,NA,24.76717571,24.02953017,22.85680889,20.88988077
PPP,Mobile data and voice low-consumption basket,Mobile data and voice low-consumption basket (70min+20sms+500MB),161,WB Income levels 2021,High income,NA,NA,NA,NA,NA,NA,NA,NA,NA,NA,22.21919413,22.2795058,23.36522019,19.02391282
PPP,Mobile data and voice low-consumption basket,Mobile data and voice low-consumption basket (70min+20sms+500MB),161,WB Income levels 2021,low and middle income,NA,NA,NA,NA,NA,NA,NA,NA,NA,NA,24.64236768,22.23102013,22.4829731,20.87619885
PPP,Mobile data and voice high-consumption basket,Mobile data and voice high-consumption basket (140min+70sms+2GB),164,ITU BDT Regions,Africa,NA,NA,NA,NA,NA,NA,NA,NA,NA,NA,44.72874966,44.80808597,38.27060996,34.70962152
PPP,Mobile data and voice high-consumption basket,Mobile data and voice high-consumption basket (140min+70sms+2GB),164,ITU BDT Regions,Arab States,NA,NA,NA,NA,NA,NA,NA,NA,NA,NA,32.53271491,35.58265694,32.27625418,38.24582591
PPP,Mobile data and voice high-consumption basket,Mobile data and voice high-consumption basket (140min+70sms+2GB),164,ITU BDT Regions,Asia & Pacific,NA,NA,NA,NA,NA,NA,NA,NA,NA,NA,31.32666882,28.25651419,26.28540882,22.81540897
PPP,Mobile data and voice high-consumption basket,Mobile data and voice high-consumption basket (140min+70sms+2GB),164,ITU BDT Regions,CIS countries,NA,NA,NA,NA,NA,NA,NA,NA,NA,NA,21.66620603,16.99508245,13.51110513,22.12481361
PPP,Mobile data and voice high-consumption basket,Mobile data and voice high-consumption basket (140min+70sms+2GB),164,ITU BDT Regions,Europe countries,NA,NA,NA,NA,NA,NA,NA,NA,NA,NA,27.01182638,24.17048717,25.70727316,22.16882363
PPP,Mobile data and voice high-consumption basket,Mobile data and voice high-consumption basket (140min+70sms+2GB),164,ITU BDT Regions,The Americas,NA,NA,NA,NA,NA,NA,NA,NA,NA,NA,41.14257915,42.3851088,39.0549307,39.31116467
PPP,Mobile data and voice high-consumption basket,Mobile data and voice high-consumption basket (140min+70sms+2GB),164,World,World,NA,NA,NA,NA,NA,NA,NA,NA,NA,NA,34.97262193,33.21325053,29.82929884,27.97623318
PPP,Mobile data and voice high-consumption basket,Mobile data and voice high-consumption basket (140min+70sms+2GB),164,LDC,LDC,NA,NA,NA,NA,NA,NA,NA,NA,NA,NA,43.00527503,41.68526659,37.17755222,36.64394497
PPP,Mobile data and voice high-consumption basket,Mobile data and voice high-consumption basket (140min+70sms+2GB),164,LLDC,LLDC,NA,NA,NA,NA,NA,NA,NA,NA,NA,NA,40.32727738,44.72874966,35.54348236,30.58520431
PPP,Mobile data and voice high-consumption basket,Mobile data and voice high-consumption basket (140min+70sms+2GB),164,SIDS,SIDS,NA,NA,NA,NA,NA,NA,NA,NA,NA,NA,42.73750495,42.69128668,41.33351071,41.3380359
PPP,Mobile data and voice high-consumption basket,Mobile data and voice high-consumption basket (140min+70sms+2GB),164,WB Income levels 2021,Low income,NA,NA,NA,NA,NA,NA,NA,NA,NA,NA,42.62466009,45.85107315,40.11773415,37.5246787
PPP,Mobile data and voice high-consumption basket,Mobile data and voice high-consumption basket (140min+70sms+2GB),164,WB Income levels 2021,Lower middle income,NA,NA,NA,NA,NA,NA,NA,NA,NA,NA,34.87030154,33.75735066,25.98498912,27.61365282
PPP,Mobile data and voice high-consumption basket,Mobile data and voice high-consumption basket (140min+70sms+2GB),164,WB Income levels 2021,Upper middle income,NA,NA,NA,NA,NA,NA,NA,NA,NA,NA,33.358965,32.58361623,29.96737503,30.64861769
PPP,Mobile data and voice high-consumption basket,Mobile data and voice high-consumption basket (140min+70sms+2GB),164,WB Income levels 2021,High income,NA,NA,NA,NA,NA,NA,NA,NA,NA,NA,31.85632667,29.83350416,28.19685762,26.06534142
PPP,Mobile data and voice high-consumption basket,Mobile data and voice high-consumption basket (140min+70sms+2GB),164,WB Income levels 2021,low and middle income,NA,NA,NA,NA,NA,NA,NA,NA,NA,NA,35.58055977,34.92419354,31.09892907,28.63457764
USD,Fixed broadband basket,Fixed broadband basket (5GB),136,ITU BDT Regions,Africa,89.23,62.895,52.025,48.705,44.95,42.28930516,38.615,31.585,25.95,25.80186173,25.38537736,25.38537736,21.95027524,25.31545664
USD,Fixed broadband basket,Fixed broadband basket (5GB),136,ITU BDT Regions,Arab States,33.33,26.67,25.29,22.56,20.15,19.60487854,18.62,15.45,14.62,18.78829135,19.72770592,19.72770592,19.72770649,19.72770592
USD,Fixed broadband basket,Fixed broadband basket (5GB),136,ITU BDT Regions,Asia & Pacific,22.765,21.18,21.84,21.84,21.515,20.20416894,19.035,18.99,18.13,17.47499466,18.60852591,19.26022046,22.18637715,21.03686056
USD,Fixed broadband basket,Fixed broadband basket (5GB),136,ITU BDT Regions,CIS countries,26.31,22.39,15.3,11.665,10.465,9.910018763,9.445,7.765,6.12,5.156181006,6.523510602,6.132562305,5.613749147,5.568704793
USD,Fixed broadband basket,Fixed broadband basket (5GB),136,ITU BDT Regions,Europe countries,29.11,28.705,24.7,21.37,21.25,21.18857892,22.29,18.635,19.47,21.52463946,23.29820232,22.99617287,22.39395735,23.80939856
USD,Fixed broadband basket,Fixed broadband basket (5GB),136,ITU BDT Regions,The Americas,38.04,29.26,31.16,24.93,22.62,24.33858827,22,23.42,23.99,26.07617151,30.32496189,31.76923694,28.40280535,28
USD,Fixed broadband basket,Fixed broadband basket (5GB),136,World,World,33.875,29.18,28.22,25.63,23.72,21.69654894,21.835,21.23,20.4,21.34818798,22.97642839,23.12091624,22.78928938,23.88137123
USD,Fixed broadband basket,Fixed broadband basket (5GB),136,LDC,LDC,95.28,87.625,50.54,42.795,39.175,31.16380817,25.655,25.165,20.34,20.15895423,21.27245961,21.27245961,17.13536584,18.83667215
USD,Fixed broadband basket,Fixed broadband basket (5GB),136,LLDC,LLDC,44.79,50,34.96,27.64,22.59,21.57031924,14.29,14.33,14.34,17.00754628,18.14061113,18.14061113,16.50763974,14.87129406
USD,Fixed broadband basket,Fixed broadband basket (5GB),136,SIDS,SIDS,48.34,34.685,36.2,31.175,31.91,31.19444416,30.44,25.97,25.84,27.38407127,29.92090596,30.218677,30.86443578,30.63923203
USD,Fixed broadband basket,Fixed broadband basket (5GB),136,WB Income levels 2021,Low income,184.46,101.55,90.64,47.3,43.67,45.12792486,45.09,37.2,25.29,21.47417459,22.49342979,22.49342979,21.60460161,22.97592816
USD,Fixed broadband basket,Fixed broadband basket (5GB),136,WB Income levels 2021,Lower middle income,40.2,39.88,34.42,25.54,23.44,20.7013707,18.07,21.23,16.36,19.5,21.27351664,21.27351664,20,20.86836433
USD,Fixed broadband basket,Fixed broadband basket (5GB),136,WB Income levels 2021,Upper middle income,29.72,22.44,19.015,18.83,18.39,18.53841403,18.51,16.43,17.75,16.56146828,18.45459689,18.77407572,17.70999668,17.55612214
USD,Fixed broadband basket,Fixed broadband basket (5GB),136,WB Income levels 2021,High income,30.79,28.905,28.395,27.215,26.985,27.17324555,27.95,26.015,24.415,31.69999255,33.33019895,32.84010283,36.43406584,40.83002106
USD,Fixed broadband basket,Fixed broadband basket (5GB),136,WB Income levels 2021,low and middle income,36.495,30.935,28.22,21.84,20.515,19.70191941,18.51,18.37,17.75,18.64173571,19.82639261,19.93912558,18.78622307,18.96814958
USD,Data-only mobile broadband,Data-only mobile broadband 2GB,142,ITU BDT Regions,Africa,NA,NA,NA,NA,NA,20.24,15.17,13.97,10.23362488,8.307431551,8.811104939,8.723481978,6.148916321,6.40163288
USD,Data-only mobile broadband,Data-only mobile broadband 2GB,142,ITU BDT Regions,Arab States,NA,NA,NA,NA,NA,16.48,14.08,13,14.08450704,19.77914877,13.00390117,13.00390117,13.00390128,13.65409623
USD,Data-only mobile broadband,Data-only mobile broadband 2GB,142,ITU BDT Regions,Asia & Pacific,NA,NA,NA,NA,NA,16.27,14.67,12.01,9.480584625,9.7308567,7.914831733,7.914831733,7.177820875,7
USD,Data-only mobile broadband,Data-only mobile broadband 2GB,142,ITU BDT Regions,CIS countries,NA,NA,NA,NA,NA,8.92,8.92,5.74,4.354687865,4.356243874,4.322526212,3.945802473,3.710231513,5.74216783
USD,Data-only mobile broadband,Data-only mobile broadband 2GB,142,ITU BDT Regions,Europe countries,NA,NA,NA,NA,NA,15.96,13.26,11.09,10.8643161,11.75356155,12.17763271,14.46078797,11.90299227,12.046386
USD,Data-only mobile broadband,Data-only mobile broadband 2GB,142,ITU BDT Regions,The Americas,NA,NA,NA,NA,NA,18.48,18.09,15.98,14.09216568,12.90286556,15.15373736,14.07107349,11.29556929,11.95787033
USD,Data-only mobile broadband,Data-only mobile broadband 2GB,142,World,World,NA,NA,NA,NA,NA,16.99,14.55,12.01,11.0619469,11.26890812,11.29550369,11.22215059,8.718483565,9.282813267
USD,Data-only mobile broadband,Data-only mobile broadband 2GB,142,LDC,LDC,NA,NA,NA,NA,NA,20.085,13.33,10.225,8.662132506,7.822359108,6.776480945,6.552436704,5.318021745,5.307077746
USD,Data-only mobile broadband,Data-only mobile broadband 2GB,142,LLDC,LLDC,NA,NA,NA,NA,NA,12.6,10.11,7.32,6.15077493,6.87173587,5.366146972,5.366146972,4.902824913,5.74216783
USD,Data-only mobile broadband,Data-only mobile broadband 2GB,142,SIDS,SIDS,NA,NA,NA,NA,NA,22.595,19.215,18.31,17.16530628,16.37131938,15.23012599,15.23012599,14.92849843,14.38462722
USD,Data-only mobile broadband,Data-only mobile broadband 2GB,142,WB Income levels 2021,Low income,NA,NA,NA,NA,NA,19.85,13.305,9.5,8.629116901,7.798014632,7.211843478,7.211843478,5.465535597,5.233666552
USD,Data-only mobile broadband,Data-only mobile broadband 2GB,142,WB Income levels 2021,Lower middle income,NA,NA,NA,NA,NA,14.1,12.5,11.06,7.158606076,6.87173587,6.626083718,5.677779739,4.663426832,5.311176449
USD,Data-only mobile broadband,Data-only mobile broadband 2GB,142,WB Income levels 2021,Upper middle income,NA,NA,NA,NA,NA,15.43,13.73,10.87,10.16397886,8.701285918,8.811104939,8.77639034,8.225541343,8.476993708
USD,Data-only mobile broadband,Data-only mobile broadband 2GB,142,WB Income levels 2021,High income,NA,NA,NA,NA,NA,19.955,17.5,14.77,14.51183333,16.68910826,17.52333741,16.8499272,17.00670501,14.89388424
USD,Data-only mobile broadband,Data-only mobile broadband 2GB,142,WB Income levels 2021,low and middle income,NA,NA,NA,NA,NA,15.33,13.18,10.47,8.464605061,7.715128864,7.538610236,7.527147109,6.626604193,6.79126399
USD,Mobile-cellular basket – low usage,Mobile-cellular basket – low usage (70min+20sms),136,ITU BDT Regions,Africa,19.145,18.795,13.205,16.01,15.4,14.07563215,11.65,8.6,7.5,8.388146457,7.638702935,7.650212018,5.832384417,5.476952053
USD,Mobile-cellular basket – low usage,Mobile-cellular basket – low usage (70min+20sms),136,ITU BDT Regions,Arab States,12.27,11.545,11.43,12.15,12.555,9.930475087,10.5,9.45,9.4,8.576602218,4.849693816,5.279271281,4.539526511,4.362901737
USD,Mobile-cellular basket – low usage,Mobile-cellular basket – low usage (70min+20sms),136,ITU BDT Regions,Asia & Pacific,8.095,6.27,6.07,7.985,8.095,5.96542956,6.15,6.05,6.5,6.331601289,6.110653287,6.110653287,5.736081849,6.067098289
USD,Mobile-cellular basket – low usage,Mobile-cellular basket – low usage (70min+20sms),136,ITU BDT Regions,CIS countries,11.035,8.225,7.78,8.4,8.835,7.778751607,7.45,5.65,3.75,3.629296254,2.885586377,3.070108797,3.465906601,3.414332198
USD,Mobile-cellular basket – low usage,Mobile-cellular basket – low usage (70min+20sms),136,ITU BDT Regions,Europe countries,28.365,26.17,20.195,22.02,22.7,22.32753582,16.3,12.95,11.35,13.68957694,10.98287694,11.8095451,11.28487595,8.434881889
USD,Mobile-cellular basket – low usage,Mobile-cellular basket – low usage (70min+20sms),136,ITU BDT Regions,The Americas,19.7,18.435,19.515,16.865,16.99,17.33742593,18.2,16.75,14.75,14.84,14.57025993,14.9887878,12.7313094,12.35183429
USD,Mobile-cellular basket – low usage,Mobile-cellular basket – low usage (70min+20sms),136,World,World,18.295,16.72,14.05,15.825,15.2,14.05021753,13.95,10.85,10.2,10.72237914,9.465798197,10.08535151,9.033376936,7.430181169
USD,Mobile-cellular basket – low usage,Mobile-cellular basket – low usage (70min+20sms),136,LDC,LDC,17.645,15.91,11.89,14.555,12.14,12.37337346,11.4,8.25,6.95,7.238224916,7.130429147,7.130429147,4.443208295,3.578368621
USD,Mobile-cellular basket – low usage,Mobile-cellular basket – low usage (70min+20sms),136,LLDC,LLDC,14.515,12.795,10.53,11.94,10.87,10.52628638,10.25,7.5,6.85,7.018726654,6.860773406,6.864078879,5.832384417,5.261494156
USD,Mobile-cellular basket – low usage,Mobile-cellular basket – low usage (70min+20sms),136,SIDS,SIDS,15.59,15.41,15.355,16.3,16.865,15.3537276,16.5,17,16.4,17.03766861,14.73741948,14.73741948,12.68407913,13.50388348
USD,Mobile-cellular basket – low usage,Mobile-cellular basket – low usage (70min+20sms),136,WB Income levels 2021,Low income,18.89,17.84,11.67,15.43,11.56,11.67172699,11.6,8.4,5.9,5.477809599,5.121922844,5.121922844,4.398201798,3.112973886
USD,Mobile-cellular basket – low usage,Mobile-cellular basket – low usage (70min+20sms),136,WB Income levels 2021,Lower middle income,14.32,12.555,10.79,12.18,10.685,10.78895192,10.7,8.25,7.8,8.288791304,6.569051383,6.525977249,5.479849659,4.850480595
USD,Mobile-cellular basket – low usage,Mobile-cellular basket – low usage (70min+20sms),136,WB Income levels 2021,Upper middle income,15.09,14.245,12.39,15.01,15.105,12.39004908,12.45,9.25,9.2,9.497469009,7.493358658,8.188017978,7.360931704,6.141416323
USD,Mobile-cellular basket – low usage,Mobile-cellular basket – low usage (70min+20sms),136,WB Income levels 2021,High income,26.45,24.43,18.95,20.8,21.43,19.6498801,17.7,14.2,14.1,14.128,12.73076045,14.69556353,12.68918476,12.05844444
USD,Mobile-cellular basket – low usage,Mobile-cellular basket – low usage (70min+20sms),136,WB Income levels 2021,low and middle income,15.12,14.15,11.67,13.68,12.88,12.04609011,11.6,8.5,8.1,8.327720109,7.291864603,7.408150509,5.884975199,5.609669955
USD,Mobile data and voice low-consumption basket,Mobile data and voice low-consumption basket (70min+20sms+500MB),190,ITU BDT Regions,Africa,NA,NA,NA,NA,NA,NA,NA,NA,NA,NA,12.59632068,10.83844403,8.44603276,9.062438242
USD,Mobile data and voice low-consumption basket,Mobile data and voice low-consumption basket (70min+20sms+500MB),190,ITU BDT Regions,Arab States,NA,NA,NA,NA,NA,NA,NA,NA,NA,NA,15.53151481,13.13818924,11.52675549,11.66774701
USD,Mobile data and voice low-consumption basket,Mobile data and voice low-consumption basket (70min+20sms+500MB),190,ITU BDT Regions,Asia & Pacific,NA,NA,NA,NA,NA,NA,NA,NA,NA,NA,10.26976505,10.24283963,9.740075142,10.37289414
USD,Mobile data and voice low-consumption basket,Mobile data and voice low-consumption basket (70min+20sms+500MB),190,ITU BDT Regions,CIS countries,NA,NA,NA,NA,NA,NA,NA,NA,NA,NA,4.705836217,3.764668974,3.529411666,3.461237275
USD,Mobile data and voice low-consumption basket,Mobile data and voice low-consumption basket (70min+20sms+500MB),190,ITU BDT Regions,Europe countries,NA,NA,NA,NA,NA,NA,NA,NA,NA,NA,15.04400702,15.55317089,15.42441773,12.18795042
USD,Mobile data and voice low-consumption basket,Mobile data and voice low-consumption basket (70min+20sms+500MB),190,ITU BDT Regions,The Americas,NA,NA,NA,NA,NA,NA,NA,NA,NA,NA,20.55314634,20,19.66395689,18.98773051
USD,Mobile data and voice low-consumption basket,Mobile data and voice low-consumption basket (70min+20sms+500MB),190,World,World,NA,NA,NA,NA,NA,NA,NA,NA,NA,NA,14.78226904,13.9880682,12.01214799,11.51212168
USD,Mobile data and voice low-consumption basket,Mobile data and voice low-consumption basket (70min+20sms+500MB),190,LDC,LDC,NA,NA,NA,NA,NA,NA,NA,NA,NA,NA,11.69844319,9.853455958,7.48504211,6.825897271
USD,Mobile data and voice low-consumption basket,Mobile data and voice low-consumption basket (70min+20sms+500MB),190,LLDC,LLDC,NA,NA,NA,NA,NA,NA,NA,NA,NA,NA,10.33793479,10.33793479,7.429402559,7.015169135
USD,Mobile data and voice low-consumption basket,Mobile data and voice low-consumption basket (70min+20sms+500MB),190,SIDS,SIDS,NA,NA,NA,NA,NA,NA,NA,NA,NA,NA,25.22776803,26.12603891,23.7,25
USD,Mobile data and voice low-consumption basket,Mobile data and voice low-consumption basket (70min+20sms+500MB),190,WB Income levels 2021,Low income,NA,NA,NA,NA,NA,NA,NA,NA,NA,NA,11.57524762,11.04279686,7.996138349,6.664288197
USD,Mobile data and voice low-consumption basket,Mobile data and voice low-consumption basket (70min+20sms+500MB),190,WB Income levels 2021,Lower middle income,NA,NA,NA,NA,NA,NA,NA,NA,NA,NA,10.04354402,8.692870349,7.406957966,7.567113365
USD,Mobile data and voice low-consumption basket,Mobile data and voice low-consumption basket (70min+20sms+500MB),190,WB Income levels 2021,Upper middle income,NA,NA,NA,NA,NA,NA,NA,NA,NA,NA,13.00439397,12.73305911,11.01269802,11.07146976
USD,Mobile data and voice low-consumption basket,Mobile data and voice low-consumption basket (70min+20sms+500MB),190,WB Income levels 2021,High income,NA,NA,NA,NA,NA,NA,NA,NA,NA,NA,20.07622667,20.06441712,19.35615993,16.54174498
USD,Mobile data and voice low-consumption basket,Mobile data and voice low-consumption basket (70min+20sms+500MB),190,WB Income levels 2021,low and middle income,NA,NA,NA,NA,NA,NA,NA,NA,NA,NA,11.96404729,10.93252178,8.727912369,9.196982216
USD,Mobile data and voice high-consumption basket,Mobile data and voice high-consumption basket (140min+70sms+2GB),190,ITU BDT Regions,Africa,NA,NA,NA,NA,NA,NA,NA,NA,NA,NA,22.0254893,22.0254893,13.80749496,13.7855569
USD,Mobile data and voice high-consumption basket,Mobile data and voice high-consumption basket (140min+70sms+2GB),190,ITU BDT Regions,Arab States,NA,NA,NA,NA,NA,NA,NA,NA,NA,NA,21.19510637,21.0663199,17.18281718,14.77464789
USD,Mobile data and voice high-consumption basket,Mobile data and voice high-consumption basket (140min+70sms+2GB),190,ITU BDT Regions,Asia & Pacific,NA,NA,NA,NA,NA,NA,NA,NA,NA,NA,16.35602697,14.41904819,13.47976654,14.02888348
USD,Mobile data and voice high-consumption basket,Mobile data and voice high-consumption basket (140min+70sms+2GB),190,ITU BDT Regions,CIS countries,NA,NA,NA,NA,NA,NA,NA,NA,NA,NA,6.382829338,5.747869591,4.386484645,6.333016982
USD,Mobile data and voice high-consumption basket,Mobile data and voice high-consumption basket (140min+70sms+2GB),190,ITU BDT Regions,Europe countries,NA,NA,NA,NA,NA,NA,NA,NA,NA,NA,23.59011957,23.3115242,18.38806996,17.68230944
USD,Mobile data and voice high-consumption basket,Mobile data and voice high-consumption basket (140min+70sms+2GB),190,ITU BDT Regions,The Americas,NA,NA,NA,NA,NA,NA,NA,NA,NA,NA,25.62781357,26.55003558,26.28845913,21.25189136
USD,Mobile data and voice high-consumption basket,Mobile data and voice high-consumption basket (140min+70sms+2GB),190,World,World,NA,NA,NA,NA,NA,NA,NA,NA,NA,NA,22.92723131,22.73963661,17.21640859,16.51655818
USD,Mobile data and voice high-consumption basket,Mobile data and voice high-consumption basket (140min+70sms+2GB),190,LDC,LDC,NA,NA,NA,NA,NA,NA,NA,NA,NA,NA,20.24150763,19.13801296,13.50910257,13.29249551
USD,Mobile data and voice high-consumption basket,Mobile data and voice high-consumption basket (140min+70sms+2GB),190,LLDC,LLDC,NA,NA,NA,NA,NA,NA,NA,NA,NA,NA,14.84566366,17.75467622,12.32326476,10.88662773
USD,Mobile data and voice high-consumption basket,Mobile data and voice high-consumption basket (140min+70sms+2GB),190,SIDS,SIDS,NA,NA,NA,NA,NA,NA,NA,NA,NA,NA,38.14885692,35.18518519,33.17277147,33.13241105
USD,Mobile data and voice high-consumption basket,Mobile data and voice high-consumption basket (140min+70sms+2GB),190,WB Income levels 2021,Low income,NA,NA,NA,NA,NA,NA,NA,NA,NA,NA,20.24150763,20.83395006,14.05438569,12.78339297
USD,Mobile data and voice high-consumption basket,Mobile data and voice high-consumption basket (140min+70sms+2GB),190,WB Income levels 2021,Lower middle income,NA,NA,NA,NA,NA,NA,NA,NA,NA,NA,15.29270085,13.925,10.63785425,10.01152902
USD,Mobile data and voice high-consumption basket,Mobile data and voice high-consumption basket (140min+70sms+2GB),190,WB Income levels 2021,Upper middle income,NA,NA,NA,NA,NA,NA,NA,NA,NA,NA,20.87643951,18.74169504,14.8158956,14.81589537
USD,Mobile data and voice high-consumption basket,Mobile data and voice high-consumption basket (140min+70sms+2GB),190,WB Income levels 2021,High income,NA,NA,NA,NA,NA,NA,NA,NA,NA,NA,31.87396222,27.96082894,24.94014293,23.10702337
USD,Mobile data and voice high-consumption basket,Mobile data and voice high-consumption basket (140min+70sms+2GB),190,WB Income levels 2021,low and middle income,NA,NA,NA,NA,NA,NA,NA,NA,NA,NA,18.81737191,17.95780902,13.50910257,13.51411325
